{
  "version": "0.2.0-beta.2",
  "graph": {
    "nodes": [
      {
        "id": "n1",
        "position": {
          "x": -260,
          "y": 228
        },
        "caption": "Venta"
      },
      {
        "id": "n2",
        "position": {
          "x": -362,
          "y": -5
        },
        "caption": "Cliente"
      },
      {
        "id": "n3",
        "position": {
          "x": -46.5,
          "y": -5
        },
        "caption": "Producto"
      },
      {
        "id": "n4",
        "position": {
          "x": 69.5,
          "y": -196.5
        },
        "caption": "T_producto"
      }
    ],
    "relationships": [
      {
        "id": "n0",
        "type": "Compra",
        "fromId": "n1",
        "toId": "n2"
      },
      {
        "id": "n1",
        "type": "Vende",
        "fromId": "n1",
        "toId": "n3"
      },
      {
        "id": "n2",
        "type": "Tiene",
        "fromId": "n3",
        "toId": "n4"
      }
    ]
  },
  "dataModel": {
    "fileModel": {
      "fileSchemas": {
        "cliente.csv": {
          "expanded": true,
          "fields": [
            {
              "name": "IdCliente",
              "type": "string",
              "sample": "2",
              "include": true
            },
            {
              "name": "Nombre_y_Apellido",
              "type": "string",
              "sample": "Ana Sapriza",
              "include": true
            },
            {
              "name": "Domicilio",
              "type": "string",
              "sample": "Pueyrredon Y Dupuy Ruta3 Km 52.500 S/N  Bâº Los Pozos",
              "include": true
            }
          ]
        },
        "producto.csv": {
          "expanded": true,
          "fields": [
            {
              "name": "IdProducto",
              "type": "string",
              "sample": "42737",
              "include": true
            },
            {
              "name": "Producto",
              "type": "string",
              "sample": "Epson Copyfax 2000",
              "include": true
            },
            {
              "name": "IdTipoProducto",
              "type": "string",
              "sample": "7",
              "include": true
            }
          ]
        },
        "tipo_producto.csv": {
          "expanded": true,
          "fields": [
            {
              "name": "IdTipoProducto",
              "type": "string",
              "sample": "1",
              "include": true
            },
            {
              "name": "TipoProducto",
              "type": "string",
              "sample": "Audio",
              "include": true
            }
          ]
        },
        "venta.csv": {
          "expanded": true,
          "fields": [
            {
              "name": "IdVenta",
              "type": "string",
              "sample": "20",
              "include": true
            },
            {
              "name": "IdCliente",
              "type": "string",
              "sample": "667",
              "include": true
            },
            {
              "name": "IdProducto",
              "type": "string",
              "sample": "42992",
              "include": true
            },
            {
              "name": "Precio",
              "type": "string",
              "sample": "570",
              "include": true
            },
            {
              "name": "Cantidad",
              "type": "string",
              "sample": "30",
              "include": true
            }
          ]
        }
      }
    },
    "graphModel": {
      "nodeSchemas": {
        "n1": {
          "label": "Venta",
          "additionLabels": [],
          "labelProperties": [],
          "properties": [
            {
              "property": "IdVenta",
              "type": "string",
              "identifier": "iBhe9GlYP77UgOYVR0NMh"
            },
            {
              "property": "IdCliente",
              "type": "string",
              "identifier": "p-d_ubVMKFpNrjPwPlrZq"
            }
          ],
          "key": {
            "properties": [
              "iBhe9GlYP77UgOYVR0NMh"
            ],
            "name": ""
          }
        },
        "n2": {
          "label": "Cliente",
          "additionLabels": [],
          "labelProperties": [],
          "properties": [
            {
              "property": "IdCliente",
              "type": "string",
              "identifier": "61J6rpizWraspSnUqTiZ9"
            }
          ],
          "key": {
            "properties": [
              "61J6rpizWraspSnUqTiZ9"
            ],
            "name": ""
          }
        },
        "n3": {
          "label": "Producto",
          "additionLabels": [],
          "labelProperties": [],
          "properties": [
            {
              "property": "IdProducto",
              "type": "string",
              "identifier": "iG_zXBs9kzp5EdsmPS_14"
            }
          ],
          "key": {
            "properties": [
              "iG_zXBs9kzp5EdsmPS_14"
            ],
            "name": ""
          }
        },
        "n4": {
          "label": "T_producto",
          "additionLabels": [],
          "labelProperties": [],
          "properties": [
            {
              "property": "IdTipoProducto",
              "type": "string",
              "identifier": "4YVvX4p_PlEdxoLz_pHHZ"
            }
          ],
          "key": {
            "properties": [
              "4YVvX4p_PlEdxoLz_pHHZ"
            ],
            "name": ""
          }
        }
      },
      "relationshipSchemas": {
        "n0": {
          "type": "Compra",
          "sourceNodeSchema": "n1",
          "targetNodeSchema": "n2",
          "properties": [
            {
              "property": "IdCliente",
              "type": "string",
              "identifier": "ynE7-g1UISWH9lR1Ng-xm"
            }
          ]
        },
        "n1": {
          "type": "Vende",
          "sourceNodeSchema": "n1",
          "targetNodeSchema": "n3",
          "properties": [
            {
              "property": "IdProducto",
              "type": "string",
              "identifier": "e6zzFKlcHNryX6enpzyMb"
            }
          ]
        },
        "n2": {
          "type": "Tiene",
          "sourceNodeSchema": "n3",
          "targetNodeSchema": "n4",
          "properties": [
            {
              "property": "IdTipoProducto",
              "type": "string",
              "identifier": "T2BuSo-elPtGfx0jAs1dD"
            }
          ]
        }
      }
    },
    "mappingModel": {
      "nodeMappings": {
        "n1": {
          "nodeSchema": "n1",
          "fileSchema": "venta.csv",
          "mappings": [
            {
              "field": "IdCliente"
            },
            {
              "field": "IdCliente"
            }
          ]
        },
        "n2": {
          "nodeSchema": "n2",
          "fileSchema": "cliente.csv",
          "mappings": [
            {
              "field": "IdCliente"
            }
          ]
        },
        "n3": {
          "nodeSchema": "n3",
          "fileSchema": "producto.csv",
          "mappings": [
            {
              "field": "IdProducto"
            }
          ]
        },
        "n4": {
          "nodeSchema": "n4",
          "fileSchema": "tipo_producto.csv",
          "mappings": [
            {
              "field": "IdTipoProducto"
            }
          ]
        }
      },
      "relationshipMappings": {
        "n0": {
          "relationshipSchema": "n0",
          "mappings": [
            {
              "field": "IdCliente"
            }
          ],
          "sourceMappings": [
            {
              "field": "IdCliente"
            }
          ],
          "targetMappings": [
            {
              "field": "IdCliente"
            }
          ],
          "fileSchema": "cliente.csv"
        },
        "n1": {
          "relationshipSchema": "n1",
          "mappings": [
            {
              "field": "IdProducto"
            }
          ],
          "sourceMappings": [
            {
              "field": "IdProducto"
            }
          ],
          "targetMappings": [
            {
              "field": "IdProducto"
            }
          ],
          "fileSchema": "producto.csv"
        },
        "n2": {
          "relationshipSchema": "n2",
          "mappings": [
            {
              "field": "IdTipoProducto"
            }
          ],
          "sourceMappings": [
            {
              "field": "IdTipoProducto"
            }
          ],
          "targetMappings": [
            {
              "field": "IdTipoProducto"
            }
          ],
          "fileSchema": "tipo_producto.csv"
        }
      }
    },
    "configurations": {
      "idsToIgnore": []
    }
  }
}